﻿Designator,Footprint,Quantity,Value,LCSC Part #
"AUDIO1, AUDIO2",AUDIO-TH_PJ-603A_1,2,PJ-603A,C309273
"C1, C17, C19, C20, C21, C26, C27, C28, C29, C3, C31, C32, C33, C34, C35, C36, C37, C38, C39, C4, C43, C44, C49, C50, C6, C8",0402,26,100n,
"C10, C13, C14, C15, C16, C18, C45, C5",0603,8,10u,
"C12, C7",0805,2,1u,
C2,CP_Elec_6.3x7.7,1,220u,
"C24, C25",0402,2,15p,
"C30, C40, C41, C42",0402,4,4.7u,
D1,D_SOD-323,1,B5819W SL,C8598
"D2, D3",0603,2,CTL1,
J1,PinSocket_1x02_P2.54mm_Vertical,1,9V,
J2,BarrelJack_Horizontal,1,Barrel_Jack_MountingPin,
J3,PinSocket_2x04_P2.54mm_Vertical,1,MOBO_Con,
J5,USB_C_Receptacle_HCTL_HC-TYPE-C-16P-01A,1,USB_C_Receptacle_USB2.0_16P,
L1,L_Murata_DFE201610P,1,AOTA-B201610S3R3-101-T,
"R1, R17, R18, R2, R27, R28, R29, R3, R4, R5, R6, R7, R9",0402,13,10k,
"R11, R30",0402,2,330,
"R13, R14, R8",0402,3,1k,
"R15, R16",0402,2,27,
"R19, R20, R21, R22, R23, R24",0402,6,33,
"R25, R26",0402,2,5k1,
"SW1, SW2",SW_SPST_TS-1088-xR020,2,USB_BOOT,
SW3,SW_DIP_SPSTx03_Slide_KingTek_DSHP03TS_W7.62mm_P1.27mm,1,MODE,
SW4,3PDT_LED,1,~,
TP1,TestPoint_Pad_D1.0mm,1,9V,
TP3,TestPoint_Pad_D1.0mm,1,3V3,
U2,SOT-223-3_TabPin2,1,AMS1117-3.3,
U3,SOIC-8_5.3x5.3mm_P1.27mm,1,W25Q128JVS,
U5,SOIC-8_3.9x4.9mm_P1.27mm,1,APS1604M-3SQRx-SN,
U6,QFN-60-1EP_7x7mm_P0.4mm_EP3.4x3.4mm_ThermalVias,1,RP2354A-QFN60,
U7,QFN-28-1EP_4x4mm_P0.45mm_EP2.6x2.6mm,1,ES8388,
Y1,Crystal_SMD_3225-4Pin_3.2x2.5mm,1,ABM8-272-T3,
